"userName","getProfile.handle","payment"
"luke","thomason0008",0
"ACapitalChicago","josephwestonshl",0
"hhh81","dinogangjham",6e+05
"James Truong","djbenjammin6",6e+05
"Keven","kevenshl",6e+05
"Matteo","mat10smith",0
"MrStennett","iihf_shl",0
"CrazyMojito","mojitocrazy",0
"zeagle1","mewtwoshl",0
"bluesfan55","mitchellheijden",0
"Muerto","rikomuerto",550000
"kenvald","shlkenvald",0
"Dude","rudestofsniffs",0
"Clean Andrei Kostitsyn","andreikostitsyn",0
"Sean","thesandlions",0
"RedCapeDiver","redcape_diver",0
"mastersheep","mastersheep11",0
"Jumbobone19","jumbobone19",350000
"Zomp","iihf_shl",0
"leviadan","leviadan1",6e+05
"TnlAstatine","luffyshl",0
"sulovilen","strombergwalton",0
"Chevy","the_strom_21",0
"roastpuff","magnusliljestr1",0
"LordBirdman","svensvenson_10",6e+05
"krazko","krazko1",0
"goldenglutes","guyzhengshl",0
"micool132","micool84098365",6e+05
"Z0REM","phineasgold",0
"leafs1997","leafs1997",6e+05
"bdu754","podcalz0ne",550000
"Patty","twisterirish",0
"Acsolap","rex_kirkby",0
"sakrosankt","withecheck",6e+05
"CanadianDuck","canadianduck23",6e+05
"Jabs","mikehrochshl",0
"hotdog","hotdog_ssc",0
"Tylar","liamslate13",0
"Fitted2106","mike21063",50000
"RomanesEuntDomus","wintertime21",0
"3lewsers","gretzky_dwayne",0
"Skeleton Party","iihf_shl",0
"Serpe x 13","vadimaskerov13",150000
"frazzle14","flamemacdonald",0
"Briedaqueduc","paulkoivushl",0
"Toivo","toivoshl",6e+05
"Kierkan","lafleurshl",0
"Rich","bobbylane88",150000
"Demolish","rosejacyanno",0
"Rangerjase","rangerjase",6e+05
"Jericson","jericsonshl",0
"MCP_","joorgjoorg",0
"MyLittleHexx","justinkeahi",0
"Titan","mcfelter",0
"NorwegianDemon","norwegian_ac93",450000
"suavemente","leeroyposter",0
"Wearingabear","wearingabear",4e+05
"FleshBagSoup","slimey_snail",0
"Lime","pucksitter",0
"RotticusScott","rotticuss",0
"bbjygm","smcshotty",450000
"Thelastheraclid","shlemerson",4e+05
"Nictox","nictoxagency",3e+05
"Mutedfaith","callabovitch",150000
"Carpy48","harrycarpet48",450000
"lordbolo","lordbolo2",0
"SewingWithNancy","gatezsean",6e+05
"notoriousTRON","real_pritch",4e+05
"Mavfatha","manuelgotze2",0
"UberBJ","biggaforyu",0
"Huck24","lyle96540611",0
"mee","johnnyshuff",0
"Katth","katth45724652",0
"leafsftw1967","marnermats",450000
"Cyanide","lbalzams",0
"Jobin","ajobin9",0
"retuperkele","luukasliljashl",6e+05
"Jonny Tsunami","jonnytsunamipbe",0
"DeletedAtUserRequest","calgarydragons1",0
"Snoopdogg","daniellafores11",0
"PremierBromanov","tomfiddler1",450000
"Massive Coiler","nottonyflow17",0
"Moreorless89","richardluffy",2e+05
"Zema","oscarssonalex",0
"sve7en","jwagnerhockey",0
"_Blitz_","dmarston_34",450000
"gurbs","first_last_29",250000
"UrsinZ","ursin_z",0
"jtam","rikhammarberg16",0
"Nerio","bobbysharpsimh",2e+05
"Salming","wsalming",6e+05
".simo","charlesworthshl",0
"Tayjay","johannsontaylor",0
"JKortesi81","nolaspecters",0
"OrbitingDeath","rmontagne38",6e+05
"sköldpaddor","legday77",2e+05
"Nike","kickz_nike",6e+05
"slothfacekilla","thapizzasloth",6e+05
"canes2112","grapefruitshl",0
"lespoils","jeanuhtred",50000
"Rankle","rankleshl",0
"Festinator","jkahnwaldshl",2e+05
"Ronniewalker","lemopihlshl",6e+05
"LatinViking","kkovacsshl",0
"zaynzk","boyleandbaxter",2e+05
"Asked Madden","friedenh",0
"Faelax","alexanderroach",0
"Jorec","adam68573805",0
"Nhamlet","r11minamino",0
"Halkohol","jgra_31",0
"Matty7478","matthew__7478",0
"honkerrs","thescoochie29",0
"Pythonic","valtterrikau44",0
"Kraagenskul","leavittzebulon",0
"juke","jukkatimonen1",0
"BarnabasCollins","nimblerod1961",0
"MrRuihu","dwilliamsshl",0
"Henrik","henriklekberg",0
"Cobbenstein","cobbensteinshl",0
"Mayuu","hippopassamus",0
"CementHands","krashwagen",6e+05
"KaleSalad","dusterdunni",6e+05
"Renomitsu","shlemilia",0
"Beebob","farleyhank1",0
"caltroit_red_flames","iihf_shl",0
"Otrebor13","morgan96theo",0
"Bongo","friedlandbap",0
"Sabremike","michaelscotch20",0
"StadiumGambler","ilhtsportsnews",0
"Kettellkorn","austinsmith9shl",0
"Count Chocula","goingham47",0
"juniped","junithepanda",0
"Leppish","paveljezy20",150000
"MP7","awachtershl",0
"FinnRhys","fi_rhy",0
"ViN","fearthereaper33",150000
"5ympathies","clapperdick",6e+05
"Dextaria","ryosukesatoshl",0
"JSS331","jss3311",150000
"bigbluex02","iihf_shl",0
"Ruggsy","ruggsyshl",50000
"Obsidian311","obsidian311",0
"jRuutu","ibakenude",0
"boom","willhartmann14",0
"linsangeles","kianhamiltonjr1",0
"BrewskyBoy","brewskyshl",0
"KC15","iihf_shl",0
"Jepox","jepoxshl",6e+05
"CaptainCamel","paulbinderaa",6e+05
"Roamus","robertfeltersn1",0
"Mooney","patrikmoney",0
"kikish18","cgoodname",1e+05
"tweedledunn","shl_tweedle",150000
"Raven","ryuujikawashima",450000
"dogwoodmaple","frozendogwood",0
"Randominoe","iihf_shl",0
"lilstifler","krissshl",450000
"drodger91","iihf_shl",0
"xTri","iihf_shl",0
"trashae","kelowna_knights",150000
"Trautner","michaelscarnshl",0
"C9Van","jonlazzyjose",6e+05
"littleb","daedalusjames",0
"cahtah haht","travis11konecny",0
"ThisSeemsFishy","turghockey",0
"LB3737","sduffjr",0
"marco999","kampainen",0
"Frick_Nasty","borklazer8",0
"nyumbayangu","narbozam",0
"HanTheMan_","basherdevin",0
"ZootTX","zoottxshl",6e+05
"Z-Whiz","puddlesoduck",6e+05
"AW13","simleagueaw",0
"DollaBill","iihf_shl",0
"Kyamprac","kyasimsports",150000
"steveoiscool","svensvech",6e+05
"DrunkenTeddy","lucblouinshl",0
"dasboot","thebloodyoath",0
"WildfireMicro","iihf_shl",0
"Justice","renji__atake",0
"Gaia Mormont","brojled",150000
"Ferda","shl_wang",0
"Bayley","newolfpackshl",0
"Lukstins88","janislux",0
"notorioustig","tigmurphy",0
"StamkosFan","owagstrom",0
"Avakael","molochtovoi",0
"Spartan","thespartan87",0
"Dewalt27","goldenfaceshl",0
"yonggarius","yonggarius",0
"ShnarlyDude","alimonytonyshl",0
"AnnaH","anna_pontecorvo",0
"HoltzFan10","mercerfan18",4e+05
"visceralpotamus","visceralpotamus",0
"grimreaper","robertb96296949",0
"Bfine","slavakovv",0
"Memento Mori","jsinkshl",0
"eMLBCommish","fkncommishlb",0
"podzilla111","iihf_shl",0
"fishy","aronhernadivic",0
"Fantobens","fantobens",150000
"lmao","shioka_zerkers",6e+05
"Julio Tokolosh","jtokolosh",0
"Exilate","aleksblixtstrom",0
"TheBigSandeenie","bigsandeenie",0
"GrannyPanPan","panpangranny",0
"Muford","barracuda_bay",0
"ValorX77","videlsan15",350000
"qWest","jacknishimori",0
"wumaduce","wumaduce",0
"BoloBill","vvejonis",0
"Keygan","edmblizzardshl",0
"taterswc","thetater13",0
"Sivart","regsivart",0
"santej29","sabarrot",0
"BenDover","bendove72921170",5e+05
"By-Tor","marcelb31213061",0
"eagle_brand","jnutcluster",0
"Highhaschdi","shighhaschdi",0
"katarn22","al_yankovic_shl",0
"tMuse","angler_jj",0
"DannyC","iihf_shl",0
"ddrector","kobowhalers",0
"HabsFan6776","habsfan6776",0
"SouthPaw","dwalrus",0
"FiveForFighting","shluhtred",0
"negs77","bjornbjornshl",0
"Dagumpa","dagandhissims",0
"hockey","iihf_shl",0
"goilers","iihf_shl",0
"Boomcheck","colecarterc",0
"Benpachi","strongbelly",0
"Evil_AllBran","evilallbran",6e+05
"Alyxander","sammyelbows",0
"JumpierPegasus","iihf_shl",0
"DELIRIVM","naniild",0
"hewasajazzman","dkastrbashl",0
".bojo","iihf_shl",0
"Pingy Pingu","pingu_pingy",0
"cakequest","joshjennings71",0
"jjlangabeer","redwings3971",0
"Lorec","levlebedev4",0
"pokedragon","jeffmaccabe",0
"Seymour","beanmanofficial",450000
"Hazack","hazack_shl",0
"Rev","leakingrichard",0
"Inf1d3l","desquedin",0
"TheFlash","theflashshl",0
"Talls","iihf_shl",0
"Mediocre_Fred","bread_wanesly",0
"BigTittySmitty","bigtittysmitty",0
"Flowseidon","brogenburies",0
"t3zla","iihf_shl",0
"Vikian","zhenroza",0
"Sebster","williem_21",0
"WithTheMoose","pengude",150000
"TheCC","_pppetrov",0
"SchwarzNarr","moosemajestik",0
"ConnorM123","douggla09049240",0
"Sly","slysyndicated",0
"dylanjj37","samuelpiccard",0
"RenoJacksonHS","evgenipetrov97",0
"NONAME","bokane02",0
"Accka","olavs13",5e+05
"academydropout","mp10df",0
"SMD414","shlragnar",0
"LucidDreams702","lucidshl",0
"platanocat","platanocat",0
"Steelhead77","parm_king",0
"Hordle","tylerwardo",0
"canuckles","canuckles2",0
"Philip3242","iihf_shl",0
"monochroma","leonsbriedis",0
"Ace","farquaads_shl",0
"petralikesbaseball","petrasabor",0
"Tanner","woatgoalie",0
"rory","simrory",5e+05
"TubbyTim69","maxwellking28",0
"AnthonyOuellet","anthony13980359",0
"Sly92","remaorusty",0
"Big Newff","iihf_shl",0
"natedoeshockey","patyaperevalov",6e+05
"the5urreal","iihf_shl",0
"Junior","jr_shl",0
"DarkCanuck29","dmackrw",6e+05
"Lobbanet","lobbanet",0
"kentakira","ykcloudera",0
"efischermann","sefischermann",6e+05
"jerometuna","phaedrusag",0
"Slav1cThor","kovacsovaluka",0
"element","iihf_shl",0
"Drokeep","graf47colphi",0
"dirigiblejones","ellislee_shl",0
"lmcm86","pigshockey",0
"Pickle Juice","picklej57417637",6e+05
"H0PPY75","jeffhopkins75",0
"Emeril","hockey_emeril",0
"Opera_Phantom","jaycueofficial",6e+05
"Jimmysmo27","jimmysm027",0
"Deng","jannevi79374145",0
"LSUFAN101","burrow9shl",0
"dude_man","edacsmailliw",0
"jay2233","maxmanningshl",250000
"Southie","oskar_walther",0
"jeffie43","thereallavert",0
"Zombiewolf","jaskaseppala",0
"MichaelLum30","barrybenson_pbe",0
"Zman","kanyesouthshl",0
"greencityny","scottthorn14",0
"overdoo","iihf_shl",0
"Aleris","trashmansnooks",0
"conet_","iihf_shl",0
"Michiganonymous","sundial_agents",450000
"Urq660","shlurq",450000
"Darkheart","darkhea09192577",0
"Toxlc","iihf_shl",0
"Crunk","viktorkrunk",0
"Redderder15","jefflarssonshl",0
"RashfordU","mikko_rashford",6e+05
"High Stick King","highstickking",6e+05
"VillageBC","ignazpleyel77",0
"duffleman2002","duff878381591",0
"Whitecap","whitecap_shl",4e+05
"CapnCooper","dirtybootsld",6e+05
"Selsby","therealvancouv1",0
"Sburbine","jayoneilshl",6e+05
"mer","fiskeshl",0
"unconfident69","travisscottt9",0
"Beaver","jacktannershl",0
"Vaxlare","zaynedangle",4e+05
"shan3p","theoberglundshl",0
"brickwall35","brickwallshl",5e+05
"tommytightpants","iihf_shl",0
"Gordon Bombay","shl_shoyohinata",0
"CptGoosar","stephangillshl",450000
"Evok","qccitadellesshl",0
"Coswi","popecoswishl",0
"G2019","smchits",5e+05
"NamelessNate","velkymuzshl",0
"Risky_Potato","risque_potato",0
"Dukemarriot","dukeshl40",0
"Vulfzilla","cupnoodle4d",0
"mcpumpkin","lenny_hawk",6e+05
"SabresFan","sabresfan_shl",0
"Dhoop","tehrealmeo",6e+05
"Thunder39","jaegerjones39",0
"vic03","vicd03",0
"Yagoyi","kikuchi2424",0
"a_cupof_bread","sixfootsiiiix",0
"Tesla","simulationtesla",6e+05
"Mr. Finland","antonmihailov88",3e+05
"Bubba Tree","b0b_301",0
"BLBertrand","brady_bertrand",0
"MamaB","mrsmchits",550000
"Sergeantens","evert_jansson_",0
"pauadrian","robertoroode",0
"HabsFanFromOntario","iihf_shl",0
"Vik","drakocarr",0
"MoreliaSpilota","iihf_shl",0
"Motion","dankingshl",450000
"Trempale","lenard_trempale",350000
"JohnnyPatey","johnnypatey11",0
"Aurora","59azjha",0
"kingtag1999","kingitztimgsl",0
"McAl95","buckkeithley",0
"ctots","bardownload",2e+05
"The Roope Hintz Effect","rylieversishl",150000
"RAmenAmen","justintimeshl",450000
"BANACKOCK","mikaeljakobsen8",350000
"ajwllmsn","ajwllmsn230",150000
"joshuacorcorantwitch","iihf_shl",0
"Big Newff","newffshl",0
"advenny4","latvianwall",3e+05
"Punk42AE","jrfrankenstero",6e+05
"Weretarantula","richarddickbutt",0
"Shylo_Moxii","shylomoxiishl",0
"boom","sophiebords",150000
"Spicy Gecko","spicygecko01",0
"Samsung virtual assistant","disisdedayudie",0
"NOLA","iihf_shl",0
"Gooney","tommywestbrook7",0
"adison","adisonbond",0
"blix900","llaraque7",2e+05
"Ox Monkey","niaknows",0
"H0PPY75","hunterhavok21",0
"Cyclo","donjuanisreal",0
"jsteele14","dindjarins65",450000
"Snussu","outdoortruck",0
"Gwdjohnson","rickykoivu40",0
"Good_Ole_Kimmy","jolmikoivushl",50000
"the5urreal","the5urreal_sims",4e+05
"Tate","dusty8675309",0
"Valpix","stmartinshl",450000
"adamantium","bennyfiorentini",150000
"gordieboom","gboomhover",550000
"LarryTheMVP","davidarturri",50000
"WildfireMicro","jackmcpisfl",450000
"fever95","ebouchard75shl",3e+05
"TheGreatToeJam","egliemil",2e+05
"dogwoodmaple","dogwoodnetwork",350000
"koty_k","koty_kpbe",450000
"Waters","benwatersshl",0
"SpartanGibbles","gibblesshl",3e+05
"Froste39","froste37",450000
"tomtommen","tompedersen81",450000
"dmuda11","whalersgnrlmngr",150000
"kast3rborous","ralphry77429627",4e+05
"ArmTheSharks","armthesharks",6e+05
"EngynGameOver","dexterh27559284",0
"Ashes","tskalbergs",6e+05
"ItsSwitchh","lucaspercyshl",3e+05
"Zomp","lord_zomp",2e+05
"Gage2","caspernilsson40",450000
"Matty86","matthewmayhem6",450000
"blakec1414","keziamackenzie",6e+05
